table_id,month,age_group,vaccine_type,outcome,V0,V1,V2,population,vaccinated_relevant,all_vaccinated,cg_1,cg_2,VE_cg1,VE_cg1_CI_min,VE_cg1_CI_max,VE_cg2,VE_cg2_CI_min,VE_cg2_CI_max
table_2,july,18-50,sputnik,4-severe,645.0,,13.0,5760116,879731,907260,4852856,2947963,88.8818853973324,80.74756613217322,93.57938465512028,93.2460822084101,88.3047242407857,96.09967251096103
table_2,july,51-70,sputnik,4-severe,1819.0,,92.0,3284276,580664,598574,2685702,1790209,76.60688534640902,71.15580068752065,81.02780364025246,84.40684618364567,80.77328259104044,87.35372030655734
table_2,july,71-100,sputnik,4-severe,2418.0,,151.0,1422425,138974,142180,1280245,831713,42.4718800309245,32.18560480399357,51.19790455093172,62.626774372218065,55.94406423176632,68.29580465222526
table_2,july,18-50,epivac,4-severe,645.0,,7.0,5760116,27529,907260,4852856,2947963,-91.31335778112495,-302.95557691071366,9.169141804435977,-16.217068906334433,-144.78338925205216,44.82302436268578
table_2,july,51-70,epivac,4-severe,1819.0,,24.0,3284276,17910,598574,2685702,1790209,-97.8521524610408,-196.04222112417568,-32.22936270650143,-31.882354782893785,-97.33310662560879,11.859921528119767
table_2,july,71-100,epivac,4-severe,2418.0,,30.0,1422425,3206,142180,1280245,831713,-395.44394892331223,-611.3588142777111,-245.06454632738607,-221.86587183769885,-362.13630743315406,-124.17117587937389
